albums,2025-04-21,2025-04-21 13:24:14,2025-04-21 16:13:19
cse A attendance,0,0,0
23bcs042,0,0,0
23bcs063,0,0,0
23bcs007,0,0,0
23bcs065,0,0,0
23bcs050,0,0,0
23bcs047,0,0,0
23bcs068,0,0,0
23bcs034,0,0,0
23bec017,0,0,0
23bcs033,0,0,0
23bcs001,0,0,0
23bcs035,0,0,0
23bcs009,0,0,0
Untitled,0,0,0
23bcs043,0,0,0
23bcs060,0,0,0
23bcs022,0,0,0
23bcs058,0,0,0
23bcs056,0,0,0
23bcs064,0,0,0
23bcs040,0,0,0
23bcs070,0,0,0
23bcs029,0,0,0
23bcs051,0,0,0
23bcs044,0,0,0
23bcs067,0,0,0
23bcs041,0,0,0
23bcs004,0,0,0
23bcs061,0,0,0
23bcs012,0,0,0
23bcs036,0,0,0
23bcs027,0,0,0
23bcs054,0,0,0
23bcs055,0,0,0
23bcs039,0,0,0
23bcs059,0,0,0
23bcs062,0,0,0
23bcs006,0,0,0
23bcs019,0,0,0
23bcs024,0,0,0
23bcs049,0,0,0
23bcs028,0,0,0
23bcs003,0,0,0
23bcs023,0,0,0
23bcs005,0,0,0
23bcs032,0,0,0
23bcs045,0,0,0
23bcs031,0,0,0
23bcs048,0,0,0
23bcs057,0,0,0
23bcs013,0,0,0
23bcs011,0,0,0
23bcs002,0,0,0
23bcs030,0,0,0
23bcs052,0,0,0
23bcs037,0,0,0
23bcs010,0,0,0
23bcs069,0,0,0
23bcs046,0,0,0
23bcs015,0,0,0
23bcs026,0,0,0
23bcs016,0,0,0
23bcs020,0,0,0
23bcs021,0,0,0
23bcs018,0,0,0
23bcs017,0,0,0
23bcs025,0,0,0
23bcs038,0,0,0
23bcs008,0,0,0
