Albums,New Photos Added,Timestamp,Date Label
23bcs064,0,2025-04-21 14:16:32,2025-04-21 13:24:14
23bcs069,0,2025-04-21 14:16:32,2025-04-21 13:24:14
23bcs031,0,2025-04-21 14:16:32,2025-04-21 13:24:14
23bcs036,0,2025-04-21 14:16:32,2025-04-21 13:24:14
23bcs027,0,2025-04-21 14:16:32,2025-04-21 13:24:14
23bcs059,0,2025-04-21 14:16:32,2025-04-21 13:24:14
cse A attendance,0,2025-04-21 14:16:32,2025-04-21 13:24:14
23bcs039,0,2025-04-21 14:16:32,2025-04-21 13:24:14
23bcs023,0,2025-04-21 14:16:32,2025-04-21 13:24:14
23bcs006,0,2025-04-21 14:16:32,2025-04-21 13:24:14
23bcs018,0,2025-04-21 14:16:32,2025-04-21 13:24:14
23bcs020,0,2025-04-21 14:16:32,2025-04-21 13:24:14
23bcs057,0,2025-04-21 14:16:32,2025-04-21 13:24:14
23bcs016,0,2025-04-21 14:16:32,2025-04-21 13:24:14
23bcs010,0,2025-04-21 14:16:32,2025-04-21 13:24:14
23bcs050,0,2025-04-21 14:16:32,2025-04-21 13:24:14
23bcs067,0,2025-04-21 14:16:32,2025-04-21 13:24:14
23bcs028,0,2025-04-21 14:16:32,2025-04-21 13:24:14
23bcs005,0,2025-04-21 14:16:32,2025-04-21 13:24:14
23bcs037,0,2025-04-21 14:16:32,2025-04-21 13:24:14
23bcs032,0,2025-04-21 14:16:32,2025-04-21 13:24:14
23bcs062,0,2025-04-21 14:16:32,2025-04-21 13:24:14
23bcs013,0,2025-04-21 14:16:32,2025-04-21 13:24:14
23bcs044,0,2025-04-21 14:16:32,2025-04-21 13:24:14
23bcs054,0,2025-04-21 14:16:32,2025-04-21 13:24:14
23bcs033,0,2025-04-21 14:16:32,2025-04-21 13:24:14
23bcs025,0,2025-04-21 14:16:32,2025-04-21 13:24:14
23bcs015,0,2025-04-21 14:16:32,2025-04-21 13:24:14
23bcs008,0,2025-04-21 14:16:32,2025-04-21 13:24:14
23bcs011,0,2025-04-21 14:16:32,2025-04-21 13:24:14
23bcs048,0,2025-04-21 14:16:32,2025-04-21 13:24:14
23bcs049,0,2025-04-21 14:16:32,2025-04-21 13:24:14
Untitled,0,2025-04-21 14:16:32,2025-04-21 13:24:14
23bcs001,0,2025-04-21 14:16:32,2025-04-21 13:24:14
23bcs047,0,2025-04-21 14:16:32,2025-04-21 13:24:14
23bcs030,0,2025-04-21 14:16:32,2025-04-21 13:24:14
23bcs004,0,2025-04-21 14:16:32,2025-04-21 13:24:14
23bcs035,0,2025-04-21 14:16:32,2025-04-21 13:24:14
23bcs042,0,2025-04-21 14:16:32,2025-04-21 13:24:14
23bcs051,0,2025-04-21 14:16:32,2025-04-21 13:24:14
23bcs070,0,2025-04-21 14:16:32,2025-04-21 13:24:14
23bcs007,0,2025-04-21 14:16:32,2025-04-21 13:24:14
23bcs055,0,2025-04-21 14:16:32,2025-04-21 13:24:14
23bcs017,0,2025-04-21 14:16:32,2025-04-21 13:24:14
23bcs065,0,2025-04-21 14:16:32,2025-04-21 13:24:14
23bcs060,0,2025-04-21 14:16:32,2025-04-21 13:24:14
23bcs040,0,2025-04-21 14:16:32,2025-04-21 13:24:14
23bcs046,0,2025-04-21 14:16:32,2025-04-21 13:24:14
23bcs063,0,2025-04-21 14:16:32,2025-04-21 13:24:14
23bcs024,0,2025-04-21 14:16:32,2025-04-21 13:24:14
23bcs029,0,2025-04-21 14:16:32,2025-04-21 13:24:14
23bcs021,0,2025-04-21 14:16:32,2025-04-21 13:24:14
23bcs038,0,2025-04-21 14:16:32,2025-04-21 13:24:14
23bcs041,0,2025-04-21 14:16:32,2025-04-21 13:24:14
23bcs058,0,2025-04-21 14:16:32,2025-04-21 13:24:14
23bcs052,0,2025-04-21 14:16:32,2025-04-21 13:24:14
23bcs034,0,2025-04-21 14:16:32,2025-04-21 13:24:14
23bcs019,0,2025-04-21 14:16:32,2025-04-21 13:24:14
23bcs009,0,2025-04-21 14:16:32,2025-04-21 13:24:14
23bcs056,0,2025-04-21 14:16:32,2025-04-21 13:24:14
23bcs022,0,2025-04-21 14:16:32,2025-04-21 13:24:14
23bcs003,0,2025-04-21 14:16:32,2025-04-21 13:24:14
23bcs068,0,2025-04-21 14:16:32,2025-04-21 13:24:14
23bcs002,0,2025-04-21 14:16:32,2025-04-21 13:24:14
23bcs045,0,2025-04-21 14:16:32,2025-04-21 13:24:14
23bcs061,0,2025-04-21 14:16:32,2025-04-21 13:24:14
23bcs043 ,0,2025-04-21 14:16:32,2025-04-21 13:24:14
23bcs012,0,2025-04-21 14:16:32,2025-04-21 13:24:14
23bcs026,0,2025-04-21 14:16:32,2025-04-21 13:24:14
23bec017,0,2025-04-21 14:16:32,2025-04-21 13:24:14
23bcs064,0,2025-04-21 14:19:46,2025-04-21 13:24:14
23bcs069,0,2025-04-21 14:19:46,2025-04-21 13:24:14
23bcs031,0,2025-04-21 14:19:46,2025-04-21 13:24:14
23bcs036,0,2025-04-21 14:19:46,2025-04-21 13:24:14
23bcs027,0,2025-04-21 14:19:46,2025-04-21 13:24:14
23bcs059,0,2025-04-21 14:19:46,2025-04-21 13:24:14
cse A attendance,0,2025-04-21 14:19:46,2025-04-21 13:24:14
23bcs039,0,2025-04-21 14:19:46,2025-04-21 13:24:14
23bcs023,0,2025-04-21 14:19:46,2025-04-21 13:24:14
23bcs006,0,2025-04-21 14:19:46,2025-04-21 13:24:14
23bcs018,0,2025-04-21 14:19:46,2025-04-21 13:24:14
23bcs020,0,2025-04-21 14:19:46,2025-04-21 13:24:14
23bcs057,0,2025-04-21 14:19:46,2025-04-21 13:24:14
23bcs016,0,2025-04-21 14:19:46,2025-04-21 13:24:14
23bcs010,0,2025-04-21 14:19:46,2025-04-21 13:24:14
23bcs050,0,2025-04-21 14:19:46,2025-04-21 13:24:14
23bcs067,0,2025-04-21 14:19:46,2025-04-21 13:24:14
23bcs028,0,2025-04-21 14:19:46,2025-04-21 13:24:14
23bcs005,0,2025-04-21 14:19:46,2025-04-21 13:24:14
23bcs037,0,2025-04-21 14:19:46,2025-04-21 13:24:14
23bcs032,0,2025-04-21 14:19:46,2025-04-21 13:24:14
23bcs062,0,2025-04-21 14:19:46,2025-04-21 13:24:14
23bcs013,0,2025-04-21 14:19:46,2025-04-21 13:24:14
23bcs044,0,2025-04-21 14:19:46,2025-04-21 13:24:14
23bcs054,0,2025-04-21 14:19:46,2025-04-21 13:24:14
23bcs033,0,2025-04-21 14:19:46,2025-04-21 13:24:14
23bcs025,0,2025-04-21 14:19:46,2025-04-21 13:24:14
23bcs015,0,2025-04-21 14:19:46,2025-04-21 13:24:14
23bcs008,0,2025-04-21 14:19:46,2025-04-21 13:24:14
23bcs011,0,2025-04-21 14:19:46,2025-04-21 13:24:14
23bcs048,0,2025-04-21 14:19:46,2025-04-21 13:24:14
23bcs049,0,2025-04-21 14:19:46,2025-04-21 13:24:14
Untitled,0,2025-04-21 14:19:46,2025-04-21 13:24:14
23bcs001,0,2025-04-21 14:19:46,2025-04-21 13:24:14
23bcs047,0,2025-04-21 14:19:46,2025-04-21 13:24:14
23bcs030,0,2025-04-21 14:19:46,2025-04-21 13:24:14
23bcs004,0,2025-04-21 14:19:46,2025-04-21 13:24:14
23bcs035,0,2025-04-21 14:19:46,2025-04-21 13:24:14
23bcs042,0,2025-04-21 14:19:46,2025-04-21 13:24:14
23bcs051,0,2025-04-21 14:19:46,2025-04-21 13:24:14
23bcs070,0,2025-04-21 14:19:46,2025-04-21 13:24:14
23bcs007,0,2025-04-21 14:19:46,2025-04-21 13:24:14
23bcs055,0,2025-04-21 14:19:46,2025-04-21 13:24:14
23bcs017,0,2025-04-21 14:19:46,2025-04-21 13:24:14
23bcs065,0,2025-04-21 14:19:46,2025-04-21 13:24:14
23bcs060,0,2025-04-21 14:19:46,2025-04-21 13:24:14
23bcs040,0,2025-04-21 14:19:46,2025-04-21 13:24:14
23bcs046,0,2025-04-21 14:19:46,2025-04-21 13:24:14
23bcs063,0,2025-04-21 14:19:46,2025-04-21 13:24:14
23bcs024,0,2025-04-21 14:19:46,2025-04-21 13:24:14
23bcs029,0,2025-04-21 14:19:46,2025-04-21 13:24:14
23bcs021,0,2025-04-21 14:19:46,2025-04-21 13:24:14
23bcs038,0,2025-04-21 14:19:46,2025-04-21 13:24:14
23bcs041,0,2025-04-21 14:19:46,2025-04-21 13:24:14
23bcs058,0,2025-04-21 14:19:46,2025-04-21 13:24:14
23bcs052,0,2025-04-21 14:19:46,2025-04-21 13:24:14
23bcs034,0,2025-04-21 14:19:46,2025-04-21 13:24:14
23bcs019,0,2025-04-21 14:19:46,2025-04-21 13:24:14
23bcs009,0,2025-04-21 14:19:46,2025-04-21 13:24:14
23bcs056,0,2025-04-21 14:19:46,2025-04-21 13:24:14
23bcs022,0,2025-04-21 14:19:46,2025-04-21 13:24:14
23bcs003,0,2025-04-21 14:19:46,2025-04-21 13:24:14
23bcs068,0,2025-04-21 14:19:46,2025-04-21 13:24:14
23bcs002,0,2025-04-21 14:19:46,2025-04-21 13:24:14
23bcs045,0,2025-04-21 14:19:46,2025-04-21 13:24:14
23bcs061,0,2025-04-21 14:19:46,2025-04-21 13:24:14
23bcs043 ,0,2025-04-21 14:19:46,2025-04-21 13:24:14
23bcs012,0,2025-04-21 14:19:46,2025-04-21 13:24:14
23bcs026,0,2025-04-21 14:19:46,2025-04-21 13:24:14
23bec017,0,2025-04-21 14:19:46,2025-04-21 13:24:14
23bcs064,0,2025-04-21 14:19:49,2025-04-21 13:24:14
23bcs069,0,2025-04-21 14:19:49,2025-04-21 13:24:14
23bcs031,0,2025-04-21 14:19:49,2025-04-21 13:24:14
23bcs036,0,2025-04-21 14:19:49,2025-04-21 13:24:14
23bcs027,0,2025-04-21 14:19:49,2025-04-21 13:24:14
23bcs059,0,2025-04-21 14:19:49,2025-04-21 13:24:14
cse A attendance,0,2025-04-21 14:19:49,2025-04-21 13:24:14
23bcs039,0,2025-04-21 14:19:49,2025-04-21 13:24:14
23bcs023,0,2025-04-21 14:19:49,2025-04-21 13:24:14
23bcs006,0,2025-04-21 14:19:49,2025-04-21 13:24:14
23bcs018,0,2025-04-21 14:19:49,2025-04-21 13:24:14
23bcs020,0,2025-04-21 14:19:49,2025-04-21 13:24:14
23bcs057,0,2025-04-21 14:19:49,2025-04-21 13:24:14
23bcs016,0,2025-04-21 14:19:49,2025-04-21 13:24:14
23bcs010,0,2025-04-21 14:19:49,2025-04-21 13:24:14
23bcs050,0,2025-04-21 14:19:49,2025-04-21 13:24:14
23bcs067,0,2025-04-21 14:19:49,2025-04-21 13:24:14
23bcs028,0,2025-04-21 14:19:49,2025-04-21 13:24:14
23bcs005,0,2025-04-21 14:19:49,2025-04-21 13:24:14
23bcs037,0,2025-04-21 14:19:49,2025-04-21 13:24:14
23bcs032,0,2025-04-21 14:19:49,2025-04-21 13:24:14
23bcs062,0,2025-04-21 14:19:49,2025-04-21 13:24:14
23bcs013,0,2025-04-21 14:19:49,2025-04-21 13:24:14
23bcs044,0,2025-04-21 14:19:49,2025-04-21 13:24:14
23bcs054,0,2025-04-21 14:19:49,2025-04-21 13:24:14
23bcs033,0,2025-04-21 14:19:49,2025-04-21 13:24:14
23bcs025,0,2025-04-21 14:19:49,2025-04-21 13:24:14
23bcs015,0,2025-04-21 14:19:49,2025-04-21 13:24:14
23bcs008,0,2025-04-21 14:19:49,2025-04-21 13:24:14
23bcs011,0,2025-04-21 14:19:49,2025-04-21 13:24:14
23bcs048,0,2025-04-21 14:19:49,2025-04-21 13:24:14
23bcs049,0,2025-04-21 14:19:49,2025-04-21 13:24:14
Untitled,0,2025-04-21 14:19:49,2025-04-21 13:24:14
23bcs001,0,2025-04-21 14:19:49,2025-04-21 13:24:14
23bcs047,0,2025-04-21 14:19:49,2025-04-21 13:24:14
23bcs030,0,2025-04-21 14:19:49,2025-04-21 13:24:14
23bcs004,0,2025-04-21 14:19:49,2025-04-21 13:24:14
23bcs035,0,2025-04-21 14:19:49,2025-04-21 13:24:14
23bcs042,0,2025-04-21 14:19:49,2025-04-21 13:24:14
23bcs051,0,2025-04-21 14:19:49,2025-04-21 13:24:14
23bcs070,0,2025-04-21 14:19:49,2025-04-21 13:24:14
23bcs007,0,2025-04-21 14:19:49,2025-04-21 13:24:14
23bcs055,0,2025-04-21 14:19:49,2025-04-21 13:24:14
23bcs017,0,2025-04-21 14:19:49,2025-04-21 13:24:14
23bcs065,0,2025-04-21 14:19:49,2025-04-21 13:24:14
23bcs060,0,2025-04-21 14:19:49,2025-04-21 13:24:14
23bcs040,0,2025-04-21 14:19:49,2025-04-21 13:24:14
23bcs046,0,2025-04-21 14:19:49,2025-04-21 13:24:14
23bcs063,0,2025-04-21 14:19:49,2025-04-21 13:24:14
23bcs024,0,2025-04-21 14:19:49,2025-04-21 13:24:14
23bcs029,0,2025-04-21 14:19:49,2025-04-21 13:24:14
23bcs021,0,2025-04-21 14:19:49,2025-04-21 13:24:14
23bcs038,0,2025-04-21 14:19:49,2025-04-21 13:24:14
23bcs041,0,2025-04-21 14:19:49,2025-04-21 13:24:14
23bcs058,0,2025-04-21 14:19:49,2025-04-21 13:24:14
23bcs052,0,2025-04-21 14:19:49,2025-04-21 13:24:14
23bcs034,0,2025-04-21 14:19:49,2025-04-21 13:24:14
23bcs019,0,2025-04-21 14:19:49,2025-04-21 13:24:14
23bcs009,0,2025-04-21 14:19:49,2025-04-21 13:24:14
23bcs056,0,2025-04-21 14:19:49,2025-04-21 13:24:14
23bcs022,0,2025-04-21 14:19:49,2025-04-21 13:24:14
23bcs003,0,2025-04-21 14:19:49,2025-04-21 13:24:14
23bcs068,0,2025-04-21 14:19:49,2025-04-21 13:24:14
23bcs002,0,2025-04-21 14:19:49,2025-04-21 13:24:14
23bcs045,0,2025-04-21 14:19:49,2025-04-21 13:24:14
23bcs061,0,2025-04-21 14:19:49,2025-04-21 13:24:14
23bcs043 ,0,2025-04-21 14:19:49,2025-04-21 13:24:14
23bcs012,0,2025-04-21 14:19:49,2025-04-21 13:24:14
23bcs026,0,2025-04-21 14:19:49,2025-04-21 13:24:14
23bec017,0,2025-04-21 14:19:49,2025-04-21 13:24:14
23bcs064,0,2025-04-21 16:13:19,2025-04-21 16:13:19
23bcs069,0,2025-04-21 16:13:19,2025-04-21 16:13:19
23bcs031,0,2025-04-21 16:13:19,2025-04-21 16:13:19
23bcs036,0,2025-04-21 16:13:19,2025-04-21 16:13:19
23bcs027,0,2025-04-21 16:13:19,2025-04-21 16:13:19
23bcs059,0,2025-04-21 16:13:19,2025-04-21 16:13:19
cse A attendance,0,2025-04-21 16:13:19,2025-04-21 16:13:19
23bcs039,0,2025-04-21 16:13:19,2025-04-21 16:13:19
23bcs023,0,2025-04-21 16:13:19,2025-04-21 16:13:19
23bcs006,0,2025-04-21 16:13:19,2025-04-21 16:13:19
23bcs018,0,2025-04-21 16:13:19,2025-04-21 16:13:19
23bcs020,0,2025-04-21 16:13:19,2025-04-21 16:13:19
23bcs057,0,2025-04-21 16:13:19,2025-04-21 16:13:19
23bcs016,0,2025-04-21 16:13:19,2025-04-21 16:13:19
23bcs010,0,2025-04-21 16:13:19,2025-04-21 16:13:19
23bcs050,0,2025-04-21 16:13:19,2025-04-21 16:13:19
23bcs067,0,2025-04-21 16:13:19,2025-04-21 16:13:19
23bcs028,0,2025-04-21 16:13:19,2025-04-21 16:13:19
23bcs005,0,2025-04-21 16:13:19,2025-04-21 16:13:19
23bcs037,0,2025-04-21 16:13:19,2025-04-21 16:13:19
23bcs032,0,2025-04-21 16:13:19,2025-04-21 16:13:19
23bcs062,0,2025-04-21 16:13:19,2025-04-21 16:13:19
23bcs013,0,2025-04-21 16:13:19,2025-04-21 16:13:19
23bcs044,0,2025-04-21 16:13:19,2025-04-21 16:13:19
23bcs054,0,2025-04-21 16:13:19,2025-04-21 16:13:19
23bcs033,0,2025-04-21 16:13:19,2025-04-21 16:13:19
23bcs025,0,2025-04-21 16:13:19,2025-04-21 16:13:19
23bcs015,0,2025-04-21 16:13:19,2025-04-21 16:13:19
23bcs008,0,2025-04-21 16:13:19,2025-04-21 16:13:19
23bcs011,0,2025-04-21 16:13:19,2025-04-21 16:13:19
23bcs048,0,2025-04-21 16:13:19,2025-04-21 16:13:19
23bcs049,0,2025-04-21 16:13:19,2025-04-21 16:13:19
Untitled,0,2025-04-21 16:13:19,2025-04-21 16:13:19
23bcs001,0,2025-04-21 16:13:19,2025-04-21 16:13:19
23bcs047,0,2025-04-21 16:13:19,2025-04-21 16:13:19
23bcs030,0,2025-04-21 16:13:19,2025-04-21 16:13:19
23bcs004,0,2025-04-21 16:13:19,2025-04-21 16:13:19
23bcs035,0,2025-04-21 16:13:19,2025-04-21 16:13:19
23bcs042,0,2025-04-21 16:13:19,2025-04-21 16:13:19
23bcs051,0,2025-04-21 16:13:19,2025-04-21 16:13:19
23bcs070,0,2025-04-21 16:13:19,2025-04-21 16:13:19
23bcs007,0,2025-04-21 16:13:19,2025-04-21 16:13:19
23bcs055,0,2025-04-21 16:13:19,2025-04-21 16:13:19
23bcs017,0,2025-04-21 16:13:19,2025-04-21 16:13:19
23bcs065,0,2025-04-21 16:13:19,2025-04-21 16:13:19
23bcs060,0,2025-04-21 16:13:19,2025-04-21 16:13:19
23bcs040,0,2025-04-21 16:13:19,2025-04-21 16:13:19
23bcs046,0,2025-04-21 16:13:19,2025-04-21 16:13:19
23bcs063,0,2025-04-21 16:13:19,2025-04-21 16:13:19
23bcs024,0,2025-04-21 16:13:19,2025-04-21 16:13:19
23bcs029,0,2025-04-21 16:13:19,2025-04-21 16:13:19
23bcs021,0,2025-04-21 16:13:19,2025-04-21 16:13:19
23bcs038,0,2025-04-21 16:13:19,2025-04-21 16:13:19
23bcs041,0,2025-04-21 16:13:19,2025-04-21 16:13:19
23bcs058,0,2025-04-21 16:13:19,2025-04-21 16:13:19
23bcs052,0,2025-04-21 16:13:19,2025-04-21 16:13:19
23bcs034,0,2025-04-21 16:13:19,2025-04-21 16:13:19
23bcs019,0,2025-04-21 16:13:19,2025-04-21 16:13:19
23bcs009,0,2025-04-21 16:13:19,2025-04-21 16:13:19
23bcs056,0,2025-04-21 16:13:19,2025-04-21 16:13:19
23bcs022,0,2025-04-21 16:13:19,2025-04-21 16:13:19
23bcs003,0,2025-04-21 16:13:19,2025-04-21 16:13:19
23bcs068,0,2025-04-21 16:13:19,2025-04-21 16:13:19
23bcs002,0,2025-04-21 16:13:19,2025-04-21 16:13:19
23bcs045,0,2025-04-21 16:13:19,2025-04-21 16:13:19
23bcs061,0,2025-04-21 16:13:19,2025-04-21 16:13:19
23bcs043 ,0,2025-04-21 16:13:19,2025-04-21 16:13:19
23bcs012,0,2025-04-21 16:13:19,2025-04-21 16:13:19
23bcs026,0,2025-04-21 16:13:19,2025-04-21 16:13:19
23bec017,0,2025-04-21 16:13:19,2025-04-21 16:13:19
